{"charErrorRates": [0.5452280311457175], "wordAccuracies": [0.22216441207075963]}